id,business_name,phone_number,category,location,page_url
5466582,Inventec,(408) 642-3395,Manufacturers,CA 95054,https://www.alignable.com/santa-clara-ca/inventec
5466583,TLC Window Cleaning and Hot Water Pressure Washing,(928) 300-0799,Window Cleaning,AZ 86336,https://www.alignable.com/sedona-az/tlc-window-cleaning-and-hot-water-pressure-washing
5466584,no business name,"","",AL 36117,https://www.alignable.com/montgomery-al/no-business-name
5466589,DC Plumbing Heating and Air conditioning,"","",CA 92674,https://www.alignable.com/san-clemente-ca/dc-plumbing-heating-and-air-conditioning
5466591,EPC Combine,"",Career Counselor,TX 75220,https://www.alignable.com/dallas-tx/epc-combine
5466592,Real Estate Developer,"",Real Estate Agent,CO 80304,https://www.alignable.com/boulder-co/real-estate-developer
5466593,Certified Orton,"","",SC 29464,https://www.alignable.com/mount-pleasant-sc/certified-orton-gillingham-reading-specialist
5466595,"Janet Grunst, Author",Visit Website,"",VA 23188,https://www.alignable.com/williamsburg-va/janet-grunst-author
5466596,Frances Barry,Visit Website,Health,Suite 215  Los Angeles,https://www.alignable.com/los-angeles-ca/frances-barry
5466597,Contra Costa Country Club,(925) 798-7135,Golf Club Rentals,CA 94523,https://www.alignable.com/pleasant-hill-ca/contra-costa-country-club
5466598,Rutvik Katuri Photography,(917) 558-6003,Artist,NJ 07310,https://www.alignable.com/jersey-city-nj/rutvik-katuri-photography
5466599,Cedar Park Vision,(512) 259-2020,Optometrist,TX 78613,https://www.alignable.com/cedar-park-tx/cedar-park-vision
5466601,Goose Creek Community Land Trust,(303) 545-6255,Non Profit,CO 80304,https://www.alignable.com/boulder-co/goose-creek-community-land-trust
5466602,Get Smokâ€™d BBQ,"",Food & Beverage,PA 17339,https://www.alignable.com/lewisberry-pa/get-smok-d-bbq
5466603,DBM Studio,Visit Website,Video Production,CA 90037,https://www.alignable.com/los-angeles-ca/dbm-studio
5466604,BRYAN A LEBLANC APAC,"","",LA 70505,https://www.alignable.com/lafayette-la/bryan-a-leblanc-apac
5466605,Lakeside Dance,(705) 770-8184,Dance Studio,ON L4N7L2,https://www.alignable.com/barrie-on/lakeside-dance
5466606,Woodlawn Volunteer Fire Co,(410) 887-1371,Fire Station,MD 21207,https://www.alignable.com/gwynn-oak-md/woodlawn-volunteer-fire-co
5466607,Lakefield Family Chiropractic/Massage Therapy,"",Health,ON K0L2H0,https://www.alignable.com/lakefield-on/lakefield-family-chiropractic-massage-therapy
5466608,Automobile sales,"",Automobile Leasing,AZ 85281,https://www.alignable.com/tempe-az/automobile-sales
5466610,Savvy Business Home Services Junk Cleaners,(877) 562-1131,Cleaning Service,ste 11  Arverne,https://www.alignable.com/arverne-ny/savvy-business-home-services-junk-cleaners
5466612,Kaitlynn Black co.,Visit Website,Consulting Agency,FL 32958,https://www.alignable.com/sebastian-fl/kaitlynn-black-co
5466613,Data Environmental Science,"",Consultant,VA 22701,https://www.alignable.com/culpeper-va/data-environmental-science
5466615,Datasavior,"","",TX 78748,https://www.alignable.com/austin-tx/datasavior
5466617,LMNL NRG /A&R,(843) 957-7264,Arts & Entertainment,SC 29582,https://www.alignable.com/north-myrtle-beach-sc/lmnl-nrg-a-r
5466618,Linhart Custom Builders,(303) 523-3587,General Contractor,CO 80304,https://www.alignable.com/boulder-co/linhart-custom-builders
5466619,(w)here Real Estate,(503) 222-0223,Real Estate Agent,OR 97210,https://www.alignable.com/portland-or/w-here-real-estate-7
5466620,"Maloney Construction, Inc.",(415) 895-5304,Contractor,CA 94945,https://www.alignable.com/novato-ca/maloney-construction-inc
5466621,Celebrity Network,"","",FL 33755,https://www.alignable.com/clearwater-fl/celebrity-network-2
5466622,Susan Stanton,(928) 634-7710,Real Estate Agent,AZ 86326,https://www.alignable.com/cottonwood-az/susan-stanton
5466624,Dr. Thomas Pabon PHD PC,"","",NY 10016,https://www.alignable.com/new-york-ny/dr-thomas-pabon-phd-pc
5466625,DiLeo's Carpentry LLC,(412) 277-1848,Carpenter,PA 15214,https://www.alignable.com/pittsburgh-pa/dileos-carpentry-llc
5466627,retired,"","",MA 02053,https://www.alignable.com/medway-ma/retired
5466628,Couverture,(877) 434-1666,Shopping & Retail,CA 90810,https://www.alignable.com/carson-ca/couverture
5466629,Bench Craft Company,(800) 824-8311,"",OR 97224,https://www.alignable.com/portland-or/bench-craft-company-14
5466631,Baywood Hotels,(301) 345-8700,Hospitality Service,MD 21046,https://www.alignable.com/columbia-md/baywood-hotels-3
5466632,Bruce A. Rush Psy.D. LLC,"",Clinical Psychologist,CA 90403,https://www.alignable.com/santa-monica-ca/bruce-a-rush-psy-d-llc
5466635,Jacobson Dental Group of Walled Lake,(248) 624-8090,Dentist & Dental Office,MI 48390,https://www.alignable.com/walled-lake-mi/jacobson-dental-group-of-walled-lake
5466636,Creative Futures Collective,"",Leadership Development,CA 90016,https://www.alignable.com/los-angeles-ca/creative-futures-collective
5466637,THE POMF GALLERY,Visit Website,Art,VA 22043,https://www.alignable.com/falls-church-va/the-pomf-gallery
5466640,Leftlane Logistic,"","",CA 92880,https://www.alignable.com/corona-ca/leftlane-logistic
5466641,Jeanne Candler Design,"","",CA 91403,https://www.alignable.com/sherman-oaks-ca/jeanne-candler-design-2
5466642,"Maness & Associates, LLC","",Recruiter,TX 75840,https://www.alignable.com/fairfield-tx/maness-associates-llc
5466644,Empyrean Painting,416-639-6588,Contractor,ON M4B2H1,https://www.alignable.com/east-york-on/empyrean-painting
5466645,Young Living Essential Oils,(801) 418-8900,Moving & Storage Service,UT 84660,https://www.alignable.com/spanish-fork-ut/young-living-essential-oils-27
5466647,"Box, Inc",(877) 729-4269,Shopping & Retail,CA 94063,https://www.alignable.com/redwood-city-ca/box-inc-4
5466648,"Kilwins Chocolates, Fudge & Ice Cream",(715) 358-0777,Ice Cream Shop,WI 54548,https://www.alignable.com/minocqua-wi/kilwins-chocolates-fudge-ice-cream
5466649,The JAY PATEL Group,623-451-0443,Real Estate Agent,AZ 85383,https://www.alignable.com/peoria-az/the-jay-patel-group-rethink-real-estate
5466651,J.F. Daniels PLLC,"",Attorney at Law,#113  Bartlesville,https://www.alignable.com/bartlesville-ok/j-f-daniels-pllc
5466652,"Misty Cluett, Realtor","",Real Estate Agent,HI 96766,https://www.alignable.com/lihue-hi/misty-cluett-realtor
5466655,Life Adjustment Team,(310) 572-7000,Coaching,CA 90230,https://www.alignable.com/culver-city-ca/life-adjustment-team-4
5466656,Sunspot Studio,"","",FL 32966,https://www.alignable.com/vero-beach-fl/sunspot-studio
5466658,ProcureIT USA,(480) 889-0837,Shopping & Retail,AZ 85284,https://www.alignable.com/tempe-az/procureit-usa-3
5466659,Brownelectrical1,"","",AL 35111,https://www.alignable.com/mc-calla-al/brownelectrical1
5466661,cleaning,"",Laundromat,AZ 85018,https://www.alignable.com/phoenix-az/cleaning
5466664,American Express Co,"","",AZ 85737,https://www.alignable.com/tucson-az/american-express-co
5466666,Aloha Omega Finds,"",Crafter,HI 96744,https://www.alignable.com/kaneohe-hi/aloha-omega-finds
5466668,House of Representatives,(603) 271-3164,Public & Government Service,NH 03753,https://www.alignable.com/grantham-nh/house-of-representatives
5466672,Zingy Boutique,Visit Website,Clothing Store,TX 75220,https://www.alignable.com/dallas-tx/zingy-boutique
5466673,Brooke Saul,(805) 497-0605,Mental Health Service,CA 91361,https://www.alignable.com/westlake-village-ca/brooke-saul
5466674,PodWurx,(602) 935-8955,Shopping & Retail,AZ 85260,https://www.alignable.com/scottsdale-az/podwurx
5466677,Realtor,"",Real Estate Agent,CA 90004,https://www.alignable.com/los-angeles-ca/realtor-27
5466679,Austin Children's Dentistry,(512) 682-5437,Dentist & Dental Office,TX 78750,https://www.alignable.com/austin-tx/austin-childrens-dentistry
5466680,Eye 2 Eye Orientation & Mobility Services,"",Health,SC 29420,https://www.alignable.com/north-charleston-sc/eye-2-eye-orientation-mobility-services
5466683,"West LA Orthodontics: Jonathan Shouhed, DDS",(424) 256-3213,Dentist & Dental Office,CA 90034,https://www.alignable.com/los-angeles-ca/west-la-orthodontics-jonathan-shouhed-dds
5466684,"CONSOLIDATED SUPPLY CO, BOISE IDAHO","",Shopping & Retail,ID 83713,https://www.alignable.com/boise-id/consolidated-supply-co-boise-idaho
5466686,"All Around Your House Home Inspections, LLC","",Home Inspector,MD 21769,https://www.alignable.com/middletown-md/all-around-your-house-home-inspections-llc
5466687,Brossard Bagel Inc,(450) 465-7778,Bagel Bakery,QC J4V2P7,https://www.alignable.com/greenfield-park-qc/brossard-bagel-inc
5466689,David Talley,812-457-2788,Real Estate Agent,IN 47601,https://www.alignable.com/boonville-in/david-talley
5466690,Dance at Legacy,(214) 952-9873,Dance School,TX 75024,https://www.alignable.com/plano-tx/dance-at-legacy
5466691,Librarian,"",Organizer,SC 29403,https://www.alignable.com/charleston-sc/librarian
5466694,Oil Rig,(337) 789-9069,"",LA 71052,https://www.alignable.com/mansfield-la/oil-rig-2
5466695,CB Electric LLC,"",Electrician,KY 40356,https://www.alignable.com/nicholasville-ky/cb-electric-llc
5466697,MWD of Southern California,"","",CA 90012,https://www.alignable.com/los-angeles-ca/mwd-of-southern-california
5466698,Eldia Lowery Realtor Larosa Realty,Visit Website,Real Estate Broker Associate,FL 34240,https://www.alignable.com/sarasota-fl/eldia-lowery-of-florida-la-rosa-realty
5466699,Cricket Wireless Authorized Retailer,(512) 829-4047,Shopping & Retail,TX 78620,https://www.alignable.com/dripping-springs-tx/5466699
5466705,Aurea Construction,Visit Website,Construction Company,CA 91360,https://www.alignable.com/thousand-oaks-ca/aurea-construction
5466710,Counseling with Candace,"",Psychotherapist,CA 90045,https://www.alignable.com/los-angeles-ca/counseling-with-candace
5466715,Pacific Top Team Martial Arts West Kelowna,(250) 307-6667,Health,BC V4T3C3,https://www.alignable.com/westbank-bc/5466715
5466716,swimteam.avi,"","",WA 98122,https://www.alignable.com/seattle-wa/swimteam-avi
5466717,Morris Chiropractic,"",Health,OH 44077,https://www.alignable.com/painesville-oh/morris-chiropractic
5466719,midori spaces,"","",AB T5M2K2,https://www.alignable.com/edmonton-ab/midori-spaces-2
5466723,Heritage/Seacoast Yachts,"",Brokerage,CA 92660,https://www.alignable.com/newport-beach-ca/heritage-seacoast-yachts
5466725,Thirty One Gifts,Visit Website,Shopping & Retail,AZ 85742,https://www.alignable.com/tucson-az/thirty-one-gifts
5466726,Margaglione Law,(512) 215-4439,Lawyer,Building 1,https://www.alignable.com/austin-tx/margaglione-law
5466728,Daw and Frantz CPAs,"","",CA 92881,https://www.alignable.com/corona-ca/daw-and-frantz-cpas
5466730,Truchon Gagne powersports,"","",ON P2B2H8,https://www.alignable.com/sturgeon-falls-on/truchon-gagne-powersports
5466731,Green field  Capital inc,"",Real Estate Agent,BC V6X0J7,https://www.alignable.com/richmond-bc/green-field-capital-inc
5466733,Fonville Morisey/Triangle Specialists,"","",NC 27617,https://www.alignable.com/raleigh-nc/fonville-morisey-triangle-specialists-3
5466734,BlueLine LLC.,"","",ID 83704,https://www.alignable.com/boise-id/blueline-llc
5466735,Events By Melissa,"",Event Coordinator,CO 80621,https://www.alignable.com/fort-lupton-co/events-by-melissa
5466736,Muddy Shores,(763) 370-8332,Music Production Studio,MN 55327,https://www.alignable.com/dayton-mn/muddy-shores
5466737,Roeper Events,"",Event,IL 60625,https://www.alignable.com/chicago-il/roeper-events
5466738,The fox run,"",Event,NY 10009,https://www.alignable.com/new-york-ny/the-fox-run
5466740,The Olive Branch,"","",GA 30120,https://www.alignable.com/cartersville-ga/the-olive-branch
5466745,Advantage Advertising,"",Advertising / Marketing,Ste. 100  Lewiston,https://www.alignable.com/lewiston-id/advantage-advertising-2
5466746,Zee Associates,"","",NY 10594,https://www.alignable.com/thornwood-ny/zee-associates
5466747,"Best Insurance Pro, LLC",(215) 654-1846,Insurance Agency,PA 19026,https://www.alignable.com/drexel-hill-pa/best-insurance-pro-llc
5466748,"GSX Productions, LLC","",Video Production,TX 75067,https://www.alignable.com/lewisville-tx/gsx-productions-llc
5466749,Engs Commercial Finance Co.,(800) 680-3002,Commercial & Industrial,IL 60143,https://www.alignable.com/itasca-il/engs-commercial-finance-co-2
5466751,Dreams Incarnate,"","",CA 90012,https://www.alignable.com/los-angeles-ca/dreams-incarnate
5466752,Megan Estrada YL Independent Distributor,"",Health,CA 92592,https://www.alignable.com/temecula-ca/megan-estrada-yl-independent-distributor
5466753,HBT Construction LLC,"",Roofing Service,TX 78006,https://www.alignable.com/boerne-tx/hbt-construction-llc
5466754,Homma  Family,"",Health,MT 59829,https://www.alignable.com/darby-mt/homma-family
5466755,Computers & Financial Services,(416) 818-6591,Computer Repair Service and Financial Serivces,ON L2G0A4,https://www.alignable.com/niagara-falls-on/computers-financial-services
5466756,El Paso Ashiatsu,"",Massage School,TX 79902,https://www.alignable.com/el-paso-tx/el-paso-ashiatsu
5466757,Property Options & Developments,Visit Website,Real Estate Service,AZ 85234,https://www.alignable.com/gilbert-az/property-options-developments
